,codigo_produto
0,19007
1,37192
3,96974
4,112992
5,128307
6,128308
16,148902
31,148903
39,148911
55,148914
57,148916
62,158275
68,206701
179,112159
256,339780
389,155680
398,63735
404,95878
405,102205
406,104191
407,110438
411,161918
423,315969
425,315970
427,315974
428,319356
454,57516
456,86509
459,128069
463,2414
4938,108360
5480,108363
5600,108367
6048,112656
16013,447023
16199,7988
16211,34206
16263,51725
16265,57019
16266,61409
16269,64803
16270,64804
16275,65799
16298,79413
16345,90560
16355,94232
16412,96126
16415,96348
16464,103962
16465,105132
16499,109028
16512,114544
16515,115571
16661,118923
16718,129246
16762,129973
16838,161596
16847,164864
16848,164865
16850,181064
16878,181876
16894,188201
16895,255433
16989,275866
17053,303805
17056,303807
17059,303809
17062,308480
17097,321070
17112,342980
17563,357647
18336,7069
18463,7070
19140,7196
19290,7197
19350,12762
20636,30116
21716,34450
22770,35857
23025,60658
23081,69273
24904,74804
25674,74806
26963,74807
27448,78882
27546,78883
27612,78885
28087,78891
28354,79031
28509,79032
28584,79033
29735,82827
30478,83577
30877,85365
31230,85712
31459,86010
40419,90889
40844,91074
40909,92207
40944,92211
41644,92216
42126,92217
42344,92697
42777,93325
44996,97254
45332,98508
45551,99531
45702,101159
45897,101168
46215,101169
46698,102569
46721,102571
47524,104163
48166,104878
48368,107843
48639,108731
49010,108754
49543,108756
49792,109000
49945,109001
50193,109883
50257,109886
50276,109887
50306,109890
50546,109891
50776,109894
50828,109901
50850,109906
51416,109907
51478,109908
51502,109909
52168,110326
52518,110331
53214,112654
53267,112655
53427,113722
53558,113723
53865,113725
53955,113730
54229,113873
54303,113876
54334,114081
54887,114085
55815,114086
56193,114420
57408,114578
57556,114700
57807,114702
57884,114705
58169,115078
58250,116152
58552,118924
58560,130217
58594,130845
58903,132862
59332,139368
59476,139376
59557,139377
59590,147329
59706,147330
59798,147331
59917,147628
59941,149643
59982,149644
60007,152465
60169,155592
60243,164908
60385,166275
60393,166276
60486,166295
60526,166296
60802,230241
60880,230243
60902,230244
61265,241206
61374,254109
61420,254127
61430,254128
61510,275181
61682,275186
61886,275859
61916,275861
61917,275862
61961,311419
61983,311420
62014,312311
62184,315031
62335,315032
62945,321651
63846,347278
63898,347279
64009,347280
64065,347281
64189,347283
64244,347284
64314,347285
64359,347286
64672,347287
64761,347288
64952,347289
65285,347290
65417,347291
65688,349591
65905,354008
65935,354009
65986,354011
66085,354012
66142,354014
66233,354018
66532,354043
66539,354047
66598,354049
67066,356496
67527,358115
67573,358116
67686,358118
67853,358558
67872,358559
67929,358584
68035,359992
68241,359993
68592,359994
68815,372748
68869,372761
68933,372762
69084,380579
69099,380581
69111,380582
69117,381249
69193,385136
69220,385137
69298,385564
69377,398925
69425,398929
69504,398931
69558,398933
69567,404744
69624,404745
69642,404748
69716,404749
69740,421051
69754,421052
69761,425742
69813,425743
69833,426648
69852,426649
69935,429389
70097,429390
70248,429391
70308,429392
70342,459415
70353,462376
70378,467244
70389,467245
70394,467251
70396,467254
70397,467267
70679,3608
71010,3644
71272,3889
71507,12737
71881,13074
72074,13414
72135,16504
72420,18010
72647,18168
72748,19407
73040,21653
74741,24410
75165,25735
75877,25989
76326,32783
76704,35658
78128,35882
80174,37077
80387,37395
80466,38460
80564,39493
80883,39866
80972,40854
81063,47698
81098,50811
81177,54507
84487,57214
84556,57215
86322,57530
86331,58445
86670,59451
87085,59452
87204,59650
87328,59904
87516,60288
87522,60634
87680,61009
87719,61010
88407,62084
92417,63049
92890,63051
92937,63052
93035,63053
93080,63728
93315,63729
95301,64118
95315,64501
95316,64503
95484,64986
95789,65198
95824,65199
96017,66272
97478,66308
98032,66492
98141,66913
98266,68916
98518,69390
98961,70076
101934,72038
102558,75948
102752,75949
103040,75951
103114,75952
103314,77094
103324,77575
103345,77953
103372,79005
103545,80212
103820,80215
103891,80502
104025,80503
104154,80764
105042,81094
105080,81425
105082,83582
105422,83842
105754,84118
106094,84578
106131,85733
107238,85734
107332,85896
107926,86013
108377,86043
108535,86711
108593,87352
108893,87384
109332,88349
112907,90469
114083,90721
114369,90722
114668,91153
114687,92361
115464,92840
115504,94078
115712,94481
116638,94941
117543,95816
117704,96056
117760,96324
118152,97004
118426,97005
118542,97006
118701,97427
118703,97509
118953,97519
119207,97843
119316,97948
119385,97949
119492,98031
119968,98032
120462,98723
120698,98724
120974,99001
122280,99484
122283,99701
122373,100110
122929,102087
123125,102088
123158,102306
123177,102902
123178,103019
123256,103129
123662,103239
123888,103240
124130,103242
124236,103243
125077,103247
126985,103399
127320,104157
127535,104474
127601,104475
127684,104476
127692,104477
127748,104542
127807,104586
128963,104834
129040,104958
129576,104959
129852,104960
130008,104963
130373,104968
131430,107842
131665,107874
131731,107999
132247,108574
132289,108714
132942,108758
133016,108759
133057,109352
133058,110455
133259,111848
133476,111849
134183,111940
136627,113224
137012,113225
137383,113280
137384,113299
137656,113304
137814,113305
138505,113309
138716,113313
139145,113337
139185,113339
139219,113485
140321,114468
140354,114469
140494,115187
140624,115188
140685,115707
140775,115710
140943,117296
140989,119856
144160,129537
144721,132228
145832,147633
145847,150199
145872,150530
146032,150531
146171,150534
147382,153066
147393,153194
147525,153338
148433,154879
149291,156184
149556,159415
149937,159427
150255,170518
150565,172251
151076,172672
151193,172673
151525,173578
151544,175520
151568,177235
151663,177236
151779,177691
151787,177692
151792,177693
151833,177706
152235,177707
153511,177709
154135,183080
154137,187158
155867,190319
156088,190442
156106,190444
156206,190449
156316,190472
156472,190473
156585,202456
156771,202458
156918,206298
157564,206299
157690,206300
157781,210361
159103,252361
159158,252362
159338,252552
159433,252564
159581,255785
159792,265908
159833,290761
159861,290762
160143,302001
160382,304526
160664,304532
161986,308347
163138,308574
163263,308576
163308,308578
163344,311401
163439,314855
163442,316248
163509,316249
163939,328629
164403,328633
164418,328648
164433,328649
164626,345849
165037,345850
165740,353729
165752,356602
165766,356603
165802,356759
165901,357270
166005,357271
166237,357273
166512,357275
166625,357276
166765,357284
166865,357288
166991,367616
167233,370052
167310,378551
167317,378556
167321,378557
167368,380684
170233,398479
170304,398480
171014,50541
171223,106990
171238,106993
171309,108483
171310,111985
171316,111986
171376,119073
171412,129575
171581,130894
171706,130895
171859,153402
172187,256043
172234,316207
172701,320308
172847,320312
172908,377579
172964,377580
172988,377581
172999,400853
173128,401257
173137,401259
173167,415812
173192,420796
173210,428736
173216,448240
173270,459179
174280,40764
174362,45480
174937,71577
175022,74326
176046,76545
176134,87846
176643,94709
176645,95567
176906,97248
176911,98390
176939,99637
177069,102904
177131,109030
177151,109905
177250,113193
177528,114850
177783,128246
177922,131152
178362,135529
178526,154214
178534,155712
178535,155713
178552,161431
178662,173530
178959,189159
178979,217159
178989,235042
179229,235912
179395,301518
179415,301519
179458,304858
179484,327937
179537,333438
179954,354083
180167,370015
180363,377554
180618,441114
180626,447417
180760,453550
180767,457799
180781,457800
180789,8550
180866,8748
181020,9097
181024,29384
181026,33116
182675,64448
183421,104363
183436,104365
183462,104366
183499,104367
184192,115588
184237,117273
184386,117274
184570,135390
185027,375498
185111,375499
185318,73227
185349,101407
185476,103484
185477,107038
185722,149610
185974,158169
186001,158171
186014,166919
186160,255290
186170,255306
186209,255487
187305,312985
187321,348056
187322,348068
187346,350211
187407,399666
187458,101917
187492,80924
187493,84111
187494,97117
187499,112993
187500,112995
187502,113000
187516,283719
187518,93416
187522,93418
187656,215926
187670,215929
187692,215930
187766,249109
187990,60508
187996,60509
188053,84584
188054,88867
188058,98412
188059,98413
188298,152447
188304,152449
188353,108861
188516,339486
188573,339521
188756,31797
188833,49800
188926,73109
189296,110050
189489,151146
189502,151167
189692,199094
189763,199098
189784,271777
190052,271778
190532,356037
190853,468923
190919,468924
191020,468937
191063,468942
191217,115427
191218,154267
193767,112486
193937,112489
194121,112581
194543,112582
196361,341253
196406,341254
197098,341381
197205,341383
197245,341384
197831,91136
197832,111537
197837,131976
197856,379625
198022,160065
198299,418251
198322,418253
198351,418254
198379,465568
198382,465569
198384,465570
198387,465571
198388,465573
198391,465580
198399,465581
198402,465582
198404,465583
198407,465584
198411,465585
198413,465586
198419,465587
198427,465590
198438,465591
198445,465592
198448,465606
198453,465607
198457,465610
198460,465611
198464,465614
198468,465617
198482,24339
199091,48953
199185,48956
199291,152527
199369,7991
199395,7992
199668,22133
199699,40908
200162,73224
200431,74389
200553,77847
200646,93212
200736,93213
200781,95995
200821,96888
201135,99166
201273,101144
201341,102334
201814,115726
201841,128116
201881,157593
201908,157594
201933,194538
202251,313507
202266,313510
202276,313511
202306,313512
203001,76880
203003,102822
203333,102824
203334,103986
205041,103992
205042,104634
206834,107095
206836,107098
206840,108298
207109,109739
207151,109745
207165,109747
207173,109748
207177,109750
207237,116165
207277,119994
207313,119995
207504,119997
208126,155006
211999,155010
212369,159052
212526,159449
212563,130914
213023,131896
213122,153638
213314,153651
227686,325487
231800,91021
231803,91023
231804,99977
231805,100226
231809,103351
231813,103352
231817,103353
231825,103388
231826,103389
231827,103534
231828,103535
231829,108256
231832,109993
231838,112852
231849,118847
232326,135785
233438,135787
233636,135794
233726,135795
233907,135802
234196,135803
234317,135804
234727,135808
234966,135810
235240,135814
235455,135818
235619,135819
235726,135820
235863,135832
236050,135833
237569,135835
237623,167864
237708,167870
237835,167872
237931,167873
238060,167874
238182,167884
238207,167885
238447,313439
238839,313440
239096,313442
239358,313444
239438,313493
239532,313494
239573,313495
239671,313496
239837,313502
239851,313504
240052,391198
240185,391200
240211,391208
240223,391209
240253,391210
240307,391212
240344,391214
240347,391215
240355,391216
240401,391218
240448,391220
240485,391221
240524,391230
240558,391231
240606,391232
241500,309038
241525,102616
241529,102620
241533,102621
241548,108648
241553,108649
241558,108656
241559,132515
241764,36686
243845,49605
246517,69306
247949,70545
251483,90008
253512,93936
254932,97092
256642,97988
257516,97989
262035,100274
262369,100275
262836,100425
263005,101704
263016,101705
263019,101774
263097,101775
263223,101776
263379,102109
274593,102652
275588,102653
276399,102654
277107,102827
277347,102828
277944,104004
278966,104005
279242,107332
282011,107334
285274,108087
285778,109695
295063,114289
298411,120485
299739,120488
300712,120491
300899,120492
301477,128224
301542,133237
301833,134252
302149,134253
305799,149990
308529,161600
309142,161611
311219,263077
311896,263078
312325,263079
312408,269638
313360,269639
313951,275875
314320,275876
316430,388054
316644,388056
317820,388064
318289,404402
318663,405296
324499,42555
325939,46791
326849,49839
327873,50621
330758,61920
333175,64164
337641,75089
338019,75286
347157,82787
347252,82789
347964,83828
348631,84073
353967,84447
354953,84471
354959,84475
356220,84476
358291,85059
397754,85842
400264,87558
400308,87562
400839,87563
401037,87567
402043,88881
403065,89172
406632,89621
407855,89811
413472,89992
415539,90597
416212,91027
416718,91744
418227,92287
423794,93157
434815,350188
443527,435938
444300,54481
444414,56643
444554,79412
444629,85761
444726,371981
447273,64658
447735,89782
448012,99034
448116,99107
448945,112865
449317,118917
449485,129227
449630,132593
449702,147943
449879,164399
450117,165065
450178,173449
450421,276320
450850,331034
450964,331035
451381,108312
451423,112866
451475,134043
451610,43891
451634,417842
451640,417843
451645,417848
453455,108638
459657,129233
460111,130049
462601,132369
467705,401942
467817,108023
467827,201526
467842,235134
467844,244893
467875,247763
467880,247766
468072,154139
468185,303449
483985,84136
484037,85818
484063,86019
484073,87844
484189,93427
484681,94927
485197,96950
485221,96951
485239,97089
485401,97283
485435,97322
485439,100672
485455,100863
485488,101520
485647,103284
485804,109945
485846,110145
485860,111734
485895,111822
485908,112886
485912,112888
486082,114272
486532,115553
486545,115559
486556,128029
486576,128061
486604,128301
486621,128303
486676,128304
486681,128305
486687,128306
486702,128309
486750,128310
486795,129553
486802,130254
486812,133477
486887,134854
487239,148812
487284,158231
487499,158252
487528,158254
487897,158267
487904,158274
488089,206702
488125,206703
488130,211413
488143,212202
488428,252405
488433,252406
488711,276321
488770,285116
488793,285226
488825,313321
488833,318633
488906,320814
489373,357392
489383,366476
489418,395135
489430,422923
490356,34874
491769,36080
494083,197233
494705,9059
494709,34572
494744,108309
494916,154131
494976,75742
495601,109807
495615,109808
495724,128413
495773,129752
495774,131015
496050,131016
496177,131021
496615,154257
498954,154258
501262,154259
504079,154263
505064,154264
505172,154265
505231,154266
507932,154270
507933,154272
508235,154274
508401,156737
508574,156738
508711,156739
508864,158625
509276,158626
509540,158855
509888,158856
510240,165066
510487,208428
510567,208429
510821,219448
511779,219449
513532,219451
514080,219452
514476,219453
514895,229536
516149,248300
516161,248301
517423,255427
517648,265950
517782,265951
524237,268070
524686,274005
527224,274006
529208,285546
529252,285557
529296,285560
529345,289495
529802,304363
541551,313535
542502,324440
556671,353965
556771,353966
557462,382196
557498,382197
557506,382198
557584,382199
557691,382201
559703,382223
559733,382224
561197,397842
561280,397843
561609,399811
561625,420224
561752,429413
561800,429414
561858,429415
561910,432984
561973,450689
562848,450690
562905,450691
563025,450692
563095,450716
563159,450717
563225,458492
563506,458540
563877,133087
563908,133089
566035,102945
566160,104382
567275,128022
568649,100660
568663,95479
569823,101473
569922,101512
569936,101513
571195,107466
571376,107468
571554,111956
571565,111957
571946,111959
571997,115052
572254,117243
572310,117244
572556,128504
572809,128505
573253,128506
573365,128507
573658,128509
573792,128510
574228,128511
574497,128512
574625,128521
574796,128522
574865,128523
574912,128524
575084,128525
575312,128527
575401,128528
575484,128529
575529,128530
575618,128532
575641,128534
575654,128538
575665,131349
575768,148540
575897,240404
576243,240405
576696,275503
576716,275505
576731,275508
576777,275512
576779,275513
576861,275527
576889,275531
576913,275533
576999,275542
577026,275545
577103,276163
577169,276164
577305,285789
577405,285790
577474,285791
577549,285792
577698,285793
577752,285794
577800,285795
577848,285796
577935,285797
578019,285798
578177,285800
578228,303696
578341,306092
578520,306093
578592,306094
579019,315402
579325,315403
579412,315404
579593,347332
579656,347334
579686,347335
579732,347336
579804,347337
579849,347338
579877,347339
580021,347345
580042,347347
580132,347350
580176,347351
580251,347354
580294,347355
580397,347357
580487,347359
580526,430194
580560,430195
580579,430196
580642,430198
580660,430199
580719,430200
580742,430201
580801,430202
580831,430203
580854,430211
580882,431476
580936,431477
580945,431478
580965,431509
581013,431510
581041,431511
581070,431512
581114,431513
581160,431532
581217,431533
581247,431534
581262,431535
581324,466649
581327,466650
581332,466652
581341,466653
581350,466654
581358,466655
581368,466656
581374,466657
581376,466658
581377,466659
581387,466660
581463,13973
582172,76576
582363,91030
582479,93777
582488,96121
582587,98389
582641,98392
582955,104954
582978,105111
582988,109029
583005,112860
583484,159441
583756,303808
583759,303810
583852,363688
583858,399007
583871,399011
583876,399012
584110,311926
584372,115803
584381,238165
584435,401293
584521,359563
586246,364304
586529,364305
586966,365005
587058,365006
587145,365052
587516,367025
587559,367027
587821,367028
587886,367029
588055,367030
588100,367031
589285,367033
589720,367034
590460,393668
592498,445662
592646,471177
593142,94169
594656,161597
594674,174818
594747,314695
594940,399013
594959,399015
594972,399017
594973,399018
596372,70549
596374,82194
596570,94604
596642,95650
596693,96661
598876,130176
599182,132364
599199,150649
600530,154113
602165,172295
602262,172319
602697,172385
602785,189351
604045,316367
604373,351142
604610,391434
605743,87455
606131,95018
606805,101441
607608,101442
616644,369688
616765,369695
616930,387895
617014,398370
617127,404647
618276,427905
618468,458906
618958,232942
619076,11911
619541,84611
619566,86869
620439,112073
620745,154130
621258,377206
621262,158219
621263,3819
626782,30679
634704,61411
636576,71912
636756,76546
640247,172642
640355,188923
640520,220418
640698,222352
644606,348086
644902,356116
644996,356529
645377,363689
645684,382980
646822,399010
646850,399014
648051,31778
648364,78018
648389,85232
648917,94252
648920,94430
648922,95459
649267,96491
649274,96492
649950,96493
651530,98808
651863,100172
652221,100173
652334,100184
652335,100185
652978,100202
653264,100308
653380,100984
653449,101268
654420,104831
654826,106897
658031,111114
658174,111115
658816,112996
658966,113960
660057,127932
660085,128255
660259,129004
660528,129006
660722,129772
661211,129927
661358,129960
662652,130702
662655,130709
662859,130935
662899,132829
662924,133290
664048,153200
664150,154215
664503,164838
664609,168528
666942,183140
667311,214964
667565,241046
667989,249050
668121,250946
668323,298405
668442,306115
668529,308222
668837,315273
672000,366279
672228,374623
672520,95132
673477,113602
673478,113603
674058,147985
679071,154275
679075,154276
680709,158869
680736,158871
687758,165063
707409,353565
707889,353566
710003,132846
710015,149987
710044,150000
710919,90432
711220,110389
711779,150888
713695,154882
714010,163778
714041,185230
715987,346239
716599,382884
716933,401624
716950,401627
717029,149914
717236,155589
717267,156507
717427,156508
717787,189531
717788,189532
717795,227859
718059,227860
718257,247818
718276,252631
718315,252632
718610,252633
718772,252635
719503,334023
719532,334029
729106,343094
729764,369922
731304,369924
731563,380753
732090,393217
732216,393218
732934,393219
732959,397013
732988,397014
733023,397015
733068,397817
733105,399112
733111,399113
733120,399114
733136,399115
733146,430129
733250,430132
733504,430133
733538,430134
733663,457021
733903,458918
734736,461317
735158,473075
735173,157319
735182,166155
735789,61280
735811,61336
735816,61367
735853,95017
735935,98209
735946,98210
735947,101339
735992,109833
736123,115120
736129,128225
736158,130046
736209,131621
736237,148255
736273,149081
736278,149088
736330,239237
736394,393182
736398,77875
736406,81356
736408,89727
739721,119082
739843,154189
739945,165142
739946,205757
741943,321069
745902,63356
748610,77955
748817,78570
766126,90285
766378,91022
766391,91025
777334,93163
779570,93760
779974,93903
781360,94029
786814,94782
786911,94891
786923,94938
786932,94944
787399,95183
787550,95184
787664,95566
789529,95874
789536,95875
789537,95877
789555,95880
790840,96513
790911,96533
790934,96781
800234,96869
803103,97098
803555,97115
803578,97144
803797,97265
804382,97267
804901,97515
805443,97700
806330,98055
807350,98065
807445,98068
809266,98289
814090,99175
817473,99398
817931,99399
818819,99402
819614,99461
819647,99464
834008,99506
836376,99578
836832,99696
837043,99760
837064,99822
837719,99867
839352,99937
840011,100020
840036,100021
840051,100022
840091,100026
840966,100064
841234,100130
841806,100221
841905,100222
842310,100225
842403,100269
842795,100305
845339,100682
846608,100945
846658,101050
846661,101051
846870,101067
847655,101101
847667,101112
848379,101143
848468,101250
849995,101289
850133,101636
850541,101657
852168,101968
852335,101969
853631,102021
856730,160248
857231,160249
857297,160250
857409,160256
857660,160260
857727,160272
857828,161516
858008,207757
858016,207758
859665,235198
859734,268508
860357,268509
861311,288659
862696,316479
864685,316481
865049,316483
865808,316487
866305,318179
866947,372237
867181,381373
867283,387322
867403,387324
868864,435691
868989,435692
869051,442614
869120,442615
869147,442616
869185,442617
869312,442618
869500,442643
869866,442644
870240,442645
870632,450013
870675,450014
870696,450015
870735,450035
870829,450036
870842,450038
870874,450039
870927,450042
871004,473309
871436,475746
871441,475749
871446,7399
871949,22376
871950,31345
872159,40031
872160,49922
872496,78272
872675,78293
872760,92608
872773,92932
873486,96502
873489,96508
873556,98871
873718,99692
874239,100257
874384,101254
874445,101293
875967,101402
876999,103357
877026,103382
877293,104165
877300,104166
877413,104239
877488,104247
877567,104248
877641,104796
877838,104800
878021,104801
878116,104802
878264,104806
878297,104832
878485,107040
878531,107041
879209,107196
879747,107204
879811,107279
879837,107280
879890,107535
880785,109026
880990,110083
881179,110173
881501,110175
881813,110199
882002,110206
882198,110208
882396,110221
882702,110737
883236,110739
883306,110741
883398,112643
883418,112645
885316,113158
885653,113216
885776,113219
885986,114091
886217,114112
886818,114135
886996,114136
887243,114137
887310,114141
888339,115538
888392,115955
888469,129005
888512,129170
888793,130211
888888,130378
888921,130708
889213,130710
889433,130861
889537,130862
889635,132827
889675,133183
889676,133338
889678,133345
889760,135707
889823,142887
889884,142916
890092,147561
890769,154479
890856,154657
891451,154660
891564,154661
891700,155017
892004,156431
892044,157692
892133,158028
892221,158365
892223,158393
892224,158394
892363,170770
892421,170771
892424,175315
892544,207029
892819,207030
893053,207032
893342,207035
893556,214514
893893,214516
894800,217139
895039,220718
895360,220720
895469,222268
895598,231930
895749,241096
895759,241097
896580,241112
896822,241115
897008,253216
897097,253946
897250,253970
897278,263567
897802,264777
898012,277590
898210,277591
898418,288321
898917,288590
899108,302208
899369,302209
899809,304172
901017,305880
901042,305882
901533,317940
902016,324036
902911,348179
903217,348926
903475,351614
904164,353631
904230,353742
904257,353743
904280,353744
904979,355928
905261,355930
905395,355931
905696,355935
905781,355937
906002,355941
906104,357576
906248,357695
906401,357700
906470,357706
906537,357710
906545,357711
906565,357713
906788,357725
906856,359532
906973,368637
907117,369886
907173,370151
907408,372118
907518,372155
907530,372156
907656,379112
907892,379113
908054,379114
908199,379194
908267,379196
908319,379197
908359,380276
908659,388887
908753,396373
910467,418208
910569,420129
910588,420226
910591,421076
910636,421078
910984,464394
911933,62243
912689,75743
913911,128412
914499,154921
915376,306211
919695,97435
919921,100722
921505,100723
922267,100724
922345,100725
922972,100726
922975,100727
922976,100728
922994,100925
923113,100926
935923,104867
938835,112841
938836,112842
938857,118750
938956,129694
939060,133019
939202,133023
939296,153718
940071,162241
940111,231402
940265,241931
940413,307608
940441,328287
940682,328978
941490,386885
942630,388214
942665,388216
945649,405787
946852,405789
947383,420227
947809,420228
947861,420229
948038,456996
948040,469964
948086,259661
948294,265384
948381,103645
948471,103650
948556,103652
948594,103656
948662,103657
948794,103659
948827,103661
948880,103675
949053,161574
949455,162210
949456,163025
949519,322059
949688,322060
949878,322079
950017,322080
951384,430157
951407,430158
951461,430159
952468,72704
952621,101824
952626,111756
952627,113388
952629,113610
952631,114179
952904,129372
953160,149564
953272,157401
954670,166670
955523,206287
955564,321551
955738,321552
957050,105092
957276,373528
957286,422820
957304,426355
957308,426356
957317,439143
957361,439144
957406,81389
957407,81390
957411,81395
957414,110144
957415,117262
957416,117265
957429,367744
957430,367746
958391,442730
958432,86062
958740,159442
958812,103809
958859,103811
965773,26705
973119,57529
976946,81424
977549,91024
977552,91431
983260,96542
983649,96896
984762,98243
986205,101747
986330,102439
986928,103387
989690,104098
989711,104821
990349,105008
990544,105135
991196,108067
991201,108069
991202,108070
991209,108079
991257,108465
991319,108466
991354,108467
991392,108517
991766,109788
993470,112872
993652,112997
993688,114002
997176,115598
997320,115599
997343,115753
997392,117225
997401,117228
997411,117261
999709,129381
999788,129391
1000763,131190
1000947,132449
1001177,132705
1001274,133053
1001805,149298
1001836,149611
1001867,149988
1001933,150303
1002048,152115
1002141,155312
1002148,155505
1002565,178663
1003046,183172
1003122,184239
1004722,197136
1004774,197913
1004799,211056
1005150,234015
1005158,242625
1005404,265692
1005564,275252
1005665,275863
1005688,275864
1005704,275865
1005706,275871
1005754,275873
1005982,298410
1006001,303739
1006199,306209
1006250,306210
1006550,306212
1006620,306216
1006736,306306
1006943,306307
1006980,309043
1007076,313108
1007306,332312
1007596,357175
1007598,357176
1007717,359637
1007740,363690
1007805,387276
1007887,392052
1008499,405278
1008523,405765
1008540,419105
1008570,428710
1008658,431009
1008666,431017
1008670,431037
1008828,462198
1009683,97352
1009695,97766
1009760,99504
1009858,110516
1009902,133483
1009971,241907
1009973,241915
1010050,356700
1010675,101994
1010707,111727
1010709,111728
1010787,115544
1010821,117256
1010826,117257
1010831,117258
1010890,128028
1010898,128302
1011310,128311
1011788,131352
1011789,131354
1011812,133472
1011835,133479
1012108,147646
1012152,147650
1012208,150220
1012285,158251
1012393,158515
1012581,210870
1012740,210871
1012872,210872
1012942,210874
1012983,210875
1013250,286319
1013342,313314
1013385,366113
1013397,366114
1013400,366115
1013420,366121
1013437,366125
1013443,366126
1013460,366141
1013574,50581
1014623,100566
1015092,109138
1015183,109139
1015197,109178
1015198,109180
1015232,109181
1015363,128240
1015475,128241
1015524,155841
1015536,155844
1015551,155848
1015570,155850
1015642,155851
1015784,155853
1015915,236829
1016310,236835
1016327,236838
1016351,236846
1016437,236847
1016755,289989
1016774,289990
1016792,290011
1016816,290012
1016837,290013
1016857,290014
1016938,73340
1017739,69555
1018008,74475
1018262,85727
1018326,86128
1018353,86129
1018400,88329
1019024,159061
1019479,305020
1019613,305021
1019711,117826
1019712,4902
1019714,88022
1019719,101497
1019732,114968
1019745,384402
1019746,423803
1019992,28869
1021974,75643
1022196,156279
1022350,225517
1022553,225656
1022583,225684
1022607,225685
1022608,225686
1022636,225719
1022639,225720
1022649,225737
1022724,225752
1022726,225753
1022729,225754
1022733,225755
1022799,226260
1025017,101056
1025144,103436
1025571,153547
1025794,186157
1028036,391610
1028481,446495
1028654,88200
1029188,96051
1030537,98091
1031286,98092
1031655,100281
1031795,100289
1032182,100290
1032429,101026
1032451,101027
1032719,101028
1032815,102121
1033007,107031
1033486,107032
1033652,107033
1033705,107034
1034647,107474
1035169,110273
1035224,111622
1035921,113437
1035964,113752
1036619,128368
1037026,128369
1037612,128370
1038433,129228
1038516,129229
1039119,137397
1039411,138150
1039499,138155
1039511,138158
1039521,138160
1039551,138161
1039556,138162
1039560,138200
1040053,181719
1040080,181720
1040660,181721
1041353,198626
1041436,202175
1041545,207805
1041580,211089
1041967,211092
1041971,212028
1042045,212031
1042085,213172
1042545,213175
1042913,217923
1043264,217925
1043678,231715
1044386,232840
1044765,238133
1044993,238134
1045754,269314
1046160,284352
1047495,308411
1047719,311308
1048022,316139
1048349,352768
1050028,377756
1050144,377757
1050296,379105
1050312,383381
1050392,383382
1050449,384531
1052907,398972
1053024,399161
1053114,401960
1053130,401961
1053140,402138
1053155,402141
1053182,402936
1053382,416781
1053450,418259
1053492,428060
1053725,430127
1053739,431368
1053840,431369
1054053,431370
1054296,433176
1054310,451204
1054382,460117
1054403,460123
1054521,469261
1054868,478688
1054941,479140
1054975,479141
1055004,479142
1055020,479143
1057915,33193
1065339,45483
1065341,77425
1065505,104836
1065533,173572
1065546,81024
1091884,153735
1107228,154114
1112403,154999
1116743,155128
1123807,155379
1124113,155408
1128900,155409
1139984,155512
1148182,155567
1151902,155674
1152639,155675
1153796,156351
1153956,156353
1154011,156355
1156972,156587
1159146,156591
1160794,156632
1161277,156634
1162837,156945
1163013,156947
1163577,156952
1164059,156953
1164665,156956
1173871,158863
1178341,161199
1204911,163615
1205883,163619
1205961,163873
1206306,163971
1219513,164862
1219729,164863
1224924,165671
1227561,165913
1227682,165918
1227931,165985
1228099,166052
1228588,166054
1229363,166055
1229681,166056
1231895,166060
1232321,166067
1232653,166087
1232707,166104
1239731,169968
1241742,171466
1242388,172233
1253197,172351
1264931,172369
1266070,172372
1267650,172390
1277344,172426
1279192,172429
1279931,172451
1280076,173430
1280914,176683
1281407,176851
1282086,177805
1287972,93162
1291776,93607
1299998,94563
1320879,95870
1321963,95876
1322812,95879
1326781,96621
1327011,96622
1327132,96624
1327168,96625
1327361,96626
1353560,96872
1353594,97074
1355496,97233
1355740,97235
1367750,98433
1385919,99428
1386301,99429
1426588,100627
1426642,100628
1426996,100629
1427414,100630
1427461,100631
1427532,100632
1437931,101054
1441311,101235
1441570,101237
1441719,101238
1447539,102130
1449000,102131
1455993,102400
1457599,102447
1458290,102448
1458986,102452
1460076,102597
1460296,102747
1460953,102748
1461831,102749
1483325,103607
1483343,103608
1483665,103728
1484537,103889
1487450,103960
1488472,104261
1495250,104998
1496971,105007
1502237,105106
1507672,93159
1513039,94011
1519133,97199
1520556,97577
1524196,99138
1525075,100118
1528471,102941
1534174,107983
1535358,108707
1541259,109941
1542730,112404
1544108,113071
1544540,113078
1548583,113091
1552098,115377
1553139,115378
1573174,129690
1573860,129691
1575017,130697
1578060,132565
1578509,133211
1579509,133223
1580636,133484
1581138,133485
1582638,135526
1598863,185052
1604602,227819
1606420,238636
1607179,242919
1608237,246567
1623042,335930
1625406,354075
1629315,364833
1631088,367323
1631245,367324
1633659,367329
1634849,372530
1638985,401373
1639967,416207
1640472,416209
1641420,426245
1641583,426249
1643962,452261
1653776,80931
1654104,82794
1655113,89122
1657450,96610
1657510,96739
1658154,97888
1658159,97889
1658162,97937
1660290,101726
1660314,101727
1661007,101834
1665221,104511
1665537,105110
1665937,108044
1666004,108507
1666165,109694
1666308,111732
1666367,112810
1666658,112928
1666768,113447
1666802,114059
1666815,114276
1667821,115247
1667852,115550
1668189,116150
1668341,117259
1668510,118916
1671461,129231
1672614,133476
1672993,148848
1673273,149766
1673858,151575
1674131,153199
1674563,155657
1674601,155661
1674641,155663
1674649,155664
1674920,159378
1674982,161690
1674997,163597
1675588,170107
1675762,170108
1676221,174921
1676400,187323
1676977,201351
1676989,201353
1678263,232996
1679163,255432
1679906,275867
1680357,303806
1683026,356542
1684488,359636
1684575,364317
1684761,376231
1684794,379866
1684897,383792
1685361,397976
1685481,405685
1685673,458932
1686033,475568
1686092,379229
1686178,379230
1686276,379250
1686328,454090
1686337,454091
1686390,454092
1693271,38432
1693279,73840
1693510,106894
1693806,169483
1693950,174919
1693961,211683
1694072,240402
1694088,253191
1697248,35108
1697257,81214
1698630,83800
1699306,84614
1699355,88831
1702535,415858
1702579,474006
1703343,187640
1703690,191817
1704151,261040
1706200,94264
1709003,96633
1709114,47777
1710700,47818
1711678,56781
1712102,57437
1713187,57438
1723333,102460
1729159,103415
1732444,103726
1733448,104147
1733629,104612
1737109,107013
1737713,107036
1738109,107339
1738432,107877
1738840,107879
1739030,107960
1743479,108059
1743489,108064
1748356,108500
1748371,108512
1748388,108513
1748485,108515
1751643,108804
1760008,109862
1760540,109899
1761163,109900
1762319,109994
1763355,110074
1764255,110161
1764861,110162
1765665,110251
1766069,110397
1766121,110443
1766649,110444
1766688,110445
1767436,110710
1767476,110766
1767479,110771
1767510,110810
1767535,110856
1767551,110878
1768445,110890
1768583,110979
1768615,111009
1768620,111024
1768654,111081
1770194,111084
1773097,111454
1773670,111541
1775405,111876
1775410,111878
1775451,111890
1775464,111906
1775508,111913
1775513,111919
1775538,111920
1775543,111921
1775912,112408
1776038,112409
1776672,112825
1776705,112850
1778071,112851
1780391,112970
1783577,113860
1785060,113862
1786131,113866
1790800,114026
1791078,114049
1801404,114221
1803648,114270
1804082,114334
1804264,114335
1804909,114342
1813212,114537
1814198,114539
1824494,114646
1824892,114785
1825716,114950
1826947,114991
1827165,114993
1831466,115090
1836637,115365
1840731,115793
1840733,115794
1840926,115903
1840928,115904
1840941,117217
1841609,117218
1841781,117219
1841926,117220
1842311,117221
1843013,117237
1844933,119923
1849439,120894
1849486,121163
1851103,124618
1852477,125554
1862091,127869
1865952,128256
1868369,128436
1872421,129053
1872575,129208
1875746,129651
1877516,130773
1880183,130890
1880228,130896
1880270,130897
1881936,131179
1882162,131184
1882198,131185
1882244,131186
1882299,131187
1882760,131189
1883541,131436
1885539,132255
1885742,132256
1886273,132438
1887245,132442
1889281,132983
1889470,133046
1889923,133047
1890021,133049
1890387,133052
1890712,133055
1891756,133504
1893298,133505
1894009,133506
1896362,135291
1897213,135483
1898943,136513
1899681,140881
1903327,147680
1903546,147942
1906805,149151
1906915,149153
1907007,149210
1908131,149803
1912788,150981
1913529,151566
1913566,151568
1915890,152431
1917782,152432
1918420,152435
1919658,152826
1919949,152827
1920331,153033
1945681,101025
1948694,104587
1950524,105109
1951098,105112
1953230,108073
1955367,109692
1955374,109693
1961147,232997
1961179,232998
1961330,233001
1962380,245001
1964180,275868
1964249,275869
1964335,275870
1966511,356701
1967777,363687
1968305,399008
1968346,399009
1968989,399016
1969326,431006
1969349,431008
1969510,431010
1969598,431011
1969680,431012
1969766,431013
1969796,431014
1969891,459214
1969908,470044
1970005,470045
1970100,471078
1970108,474963
1970199,474964
1984636,119072
1997510,104132
2000015,114784
2003313,165108
2005350,241914
2008686,395126
2008692,397532
2008822,404822
2009010,115929
2009145,130166
2009629,171140
2010514,237899
2010921,237900
2011239,237901
2011512,260809
2012194,298035
2012400,298042
2012590,366690
2012667,367496
2013189,101576
2013284,101579
2013345,101580
2013919,150827
2014001,150841
2014033,72470
2014538,204583
2014560,228602
2014568,228604
2014569,228638
2014570,357173
2014575,357714
2014580,357715
2014585,397737
2014587,397740
2014594,415964
2014609,466830
2014928,95778
2015047,108060
2015048,108062
2015192,115906
2015204,135586
2015304,163620
2015334,210878
2015353,310157
2015375,310159
2015409,315968
2015411,315973
2015431,385191
2015439,385194
2015639,30195
2016222,66231
2023492,104164
2023493,31744
2024096,39772
2024879,54511
2025112,77516
2025270,77517
2026098,100539
2026952,119976
2027093,346484
2027420,401935
2027632,401936
2028763,108514
2030301,117232
2030312,117233
2030997,127418
2031162,133043
2031643,171439
2032115,185120
2032130,185123
2037414,130053
2037870,131033
2038491,271490
2038614,108789
2038708,108798
2038800,128337
2039191,128339
2039281,166142
2039300,166143
2039863,172094
2040163,240460
2040214,240461
2040854,307517
2040951,307520
2041509,317434
2041670,317435
2042312,317437
2042825,319165
2042916,349583
2043090,349584
2043301,382852
2043544,382853
2046084,112795
2046623,129091
2051252,129096
2051724,129097
2060869,208492
2061032,208493
2061246,208494
2061314,282184
2067037,382327
2068132,388918
2068507,388922
2068692,393573
2068751,397759
2068778,397763
2068807,460471
2069618,460472
2069884,460473
2070342,460474
2070424,460475
2070552,464020
2070930,464021
2071413,81392
2071552,81393
2071996,85824
2072070,85825
2072715,105101
2072928,105102
2073064,110143
2073298,115248
2073569,117264
2073682,117266
2073746,117268
2074279,291710
2074590,380561
2074605,380562
2075614,94087
2082473,117255
2084870,353807
2085068,376630
2085121,393405
2085136,399139
2085427,239142
2085432,239143
2085444,318192
2085454,355914
2093538,420131
2095127,112026
2095664,112027
2095711,112028
2095809,112029
2095892,112030
2096136,112036
2097961,112040
2098063,112041
2104644,112046
2104846,112047
2105289,112051
2106898,112053
2107094,112054
2107315,112058
2108160,112059
2108810,114720
2110533,128378
2110544,128381
2110553,128382
2110599,128383
2110619,161695
2112420,161696
2113015,161698
2113245,202155
2113965,202156
2116622,202166
2116781,391137
2116860,442698
2116868,442699
2116941,442700
2116959,442701
2116971,442702
2117088,318365
2117106,318367
2117184,318376
2117758,353809
2118089,353828
2119092,393404
2119253,405678
2119328,460773
2123370,446461
2123580,111412
2123585,111443
2123682,119516
2123697,155380
2123858,77451
2128623,134424
2128816,113186
2128826,452822
2128847,452823
2140968,128609
2141153,128678
2143786,154062
2145388,157210
2145689,157214
2147749,247762
2202887,193657
2203847,193924
2204096,193925
2205593,194098
2206237,194435
2207351,194492
2207876,194493
2208506,194511
2209122,196990
2209397,197135
2212740,198903
2217156,201502
2221101,203832
2229073,207661
2236686,216690
2236802,216705
2238216,225402
2239088,226787
2265259,232421
2267218,233658
2268518,234051
2272047,235813
2272402,235814
2284513,242186
2287009,246836
2288215,247823
2304257,250684
2305638,250686
2318036,255155
2320955,263330
2321888,263332
2323904,264899
2324453,265460
2328055,267795
2332129,271642
2338085,272355
2351451,276323
2358536,280944
2365518,82191
2365725,82192
2369170,91713
2373279,92982
2377340,93247
2377567,93249
2380640,97441
2380724,97442
2381087,97731
2381108,98203
2381150,98205
2384705,101183
2384820,101184
2386100,110075
2386301,112766
2387948,115714
2387949,115756
2388531,128202
2388862,128203
2389065,128207
2389204,128627
2389549,128628
2390019,128629
2390613,129154
2390688,129155
2391222,129156
2391540,129157
2392096,129159
2393916,133520
2393972,134585
2394533,134587
2394674,136021
2395053,136022
2395377,136023
2396769,150385
2396850,150392
2397020,156452
2397536,164729
2397586,168126
2397694,168127
2397862,169539
2398367,181263
2399038,265267
2399043,265269
2399386,288906
2399429,297425
2399756,297426
2400380,312242
2400402,313341
2400497,313342
2400559,322138
2400566,322139
2400612,346286
2401088,385360
2401385,397238
2401936,397680
2401952,397683
2401961,416884
2401995,416885
2402052,416886
2402217,416887
2402255,416903
2402354,416904
2402425,416905
2402672,416906
2402696,475243
2403020,27580
2403066,31951
2403074,31953
2403196,55934
2403391,64094
2403525,64861
2403967,79046
2404070,87507
2404074,87508
2404225,90013
2405016,106896
2406410,161691
2406598,163507
2406618,163594
2406708,163595
2406781,163596
2406813,184924
2407137,188953
2407166,189823
2407201,219755
2407437,248302
2407497,255842
2407510,256437
2407551,257678
2407597,293837
2414940,94115
2417366,108506
2417378,114440
2417784,115118
2418835,149296
2420162,419108
2420201,448251
2420284,115740
2420285,115822
2420892,84442
2420934,86159
2420935,89868
2420987,96879
2420999,99826
2421317,117230
2421375,117867
2421854,32873
2422537,32876
2422615,88875
2423123,88876
2423147,101272
2423202,101274
2423337,107362
2424501,113561
2424556,113562
2424687,115290
2424688,130893
2424775,152530
2424987,152533
2425366,152742
2425447,152743
2425509,152744
2426778,275615
2427172,275616
2427582,329904
2427599,329906
2428662,329908
2434323,91514
2435027,101255
2435291,102521
2435736,103800
2437569,107039
2441531,115725
2445335,177695
2445345,184927
2446835,297865
2446839,297868
2446847,297875
2447743,156098
2447965,184925
2448059,184928
2448246,255430
2458057,348050
2458197,375535
2460072,398074
2462202,461204
2462348,471091
2463713,472387
2463715,472388
2463723,472390
2463727,473486
2463742,473492
2463766,473604
2463787,473605
2464504,51992
2464805,111243
2464806,111248
2464880,111251
2464881,111252
2464911,111253
2465131,111355
2465165,111356
2465183,111367
2465645,111452
2465717,155682
2465803,163017
2465843,163024
2466041,163363
2466272,209044
2469439,104549
2469646,108255
2470304,129226
2473025,165061
2507218,108502
2540452,110230
2601116,111815
2601828,111877
2602237,111887
2602315,111889
2602582,111910
2602980,111918
2622754,113001
2702617,158629
2728513,176681
2729960,176682
2763580,239824
2770397,132524
2770867,63754
2771003,63755
2772738,86766
2772949,102665
2777208,233901
2781796,60193
2781902,67893
2782010,67894
2782373,110730
2784559,115823
2793661,112917
2793719,119511
2796639,158490
2796648,159825
2796670,211459
2805457,95899
2805516,95900
2805553,95901
2805567,95902
2805675,95903
2805905,114723
2805985,114724
2806013,131775
2808629,404649
2813238,66734
2813606,66735
2813747,66736
2817617,66744
2817695,66751
2817952,66754
2818391,66756
2818498,66759
2818709,67680
2819194,67685
2819393,67686
2819472,67689
2820932,69318
2822260,74181
2822543,75447
2822725,75772
2823055,75773
2823228,75778
2823407,75780
2823627,75783
2823843,75788
2824322,75791
2824846,75796
2824881,75797
2824963,76012
2825435,78721
2825854,78724
2825861,78725
2826384,79062
2826574,79066
2826675,79067
2827971,79068
2828220,79070
2829530,79073
2830601,79078
2831313,79081
2831337,79082
2831521,79912
2832599,81034
2833602,85601
2833701,86514
2834023,86515
2834633,86516
2834968,86521
2835296,86522
2835783,89070
2836292,89133
2836910,89134
2836968,93085
2837109,93891
2837817,93894
2838191,93896
2838498,93899
2839265,93900
2839639,93901
2840072,93902
2840384,95196
2840459,95197
2840496,95199
2840834,95206
2841262,95208
2841333,95409
2841458,96267
2841736,97836
2842905,98128
2843129,98129
2843662,98238
2844770,100937
2845135,101181
2845269,103146
2846374,103595
2846776,103596
2846906,103597
2847163,104007
2847342,104008
2848452,104011
2848485,104014
2850432,104016
2850762,104022
2850853,104023
2850928,104024
2850981,104025
2852205,104027
2852643,104029
2852787,104031
2853344,104032
2854189,104033
2854562,109718
2854815,113660
2854881,113662
2855061,114594
2856818,114609
2856984,114613
2857184,115264
2857631,115265
2857825,117280
2857944,117282
2857994,118336
2858881,118337
2859122,130363
2860209,130364
2860550,130366
2860877,134061
2861301,150596
2861887,150609
2862332,150612
2862988,150613
2863366,150615
2863582,152631
2863744,152636
2863934,167517
2864326,221044
2864361,227045
2864844,227046
2864983,227047
2865085,231554
2865206,231557
2865528,231598
2865883,231603
2865944,231605
2866521,231621
2866813,275730
2866823,275732
2866850,318907
2868903,353554
2869019,353555
2869156,353557
2869186,353559
2869357,356717
2869363,360022
2869370,364659
2869496,364660
2869529,364661
2869692,418630
2870138,119049
2870195,157779
2870225,157780
2870253,157781
2870266,163107
2870321,163627
2870517,196705
2870629,422819
2870688,456454
2870985,81397
2872998,111680
2873170,111704
2873179,111714
2875323,259993
2875766,259996
2877716,260036
2881951,313140
2884367,448182
2884376,448183
2885034,448189
2885148,448201
2885189,448202
2885194,448203
2885244,448204
2886028,130423
2886284,130424
2886490,130429
2886616,130430
2886714,19246
2886910,47158
2887041,48267
2887170,84591
2887428,88936
2887567,88937
2887807,92109
2888101,93661
2888217,95434
2888584,96065
2888699,96412
2889114,97028
2889722,103789
2889803,103794
2890255,107870
2891386,109682
2891595,110266
2891639,110267
2891654,110268
2891700,110269
2897225,112216
2897472,112219
2897659,112244
2897964,112259
2897980,112291
2898235,112506
2898357,112507
2898525,112510
2899542,112572
2899543,112579
2899706,112580
2899805,112583
2899863,112584
2899876,112605
2900127,112606
2900213,112608
2900283,112619
2900294,112620
2900371,112631
2900617,112635
2900677,114674
2900771,114675
2900862,129205
2901246,129206
2901562,130244
2901584,130245
2901689,150400
2901792,150401
2901829,164388
2901879,164403
2902724,267861
2902893,267862
2902984,267864
2903359,267867
2903386,268321
2903420,268333
2903669,272588
2904275,283589
2904708,306119
2904828,307612
2907227,325799
2909849,373396
2909873,375929
2917149,433255
2919012,97858
2921061,182860
2921211,243800
2921402,243834
2921784,294000
2921915,329808
2922488,112180
2940124,115804
2969984,403696
2970229,403697
2970277,403698
2970307,403699
2970316,403700
2970402,403701
2970439,403702
2971723,404417
2971777,416819
2972547,426369
2973177,476740
2973282,476741
2974202,372946
2980350,115755
2981987,99590
2989630,154968
2993943,227646
2994920,227647
3010353,115930
3010354,115933
3010425,115934
3010450,115957
3010619,115958
3010881,115959
3011339,115961
3011351,115962
3011384,117247
3011540,117592
3013003,129224
3013125,129225
3013171,130025
3013178,130026
3013185,130027
3015968,130030
3016122,134126
3016469,134127
3016471,134128
3016484,136401
3016485,147247
3016692,147248
3016737,147250
3016768,147251
3016900,147255
3016949,147291
3016955,147292
3017115,147293
3017255,147452
3018320,147453
3018999,148877
3019311,148878
3019687,148879
3024080,149561
3025969,149572
3051069,155473
3052286,155475
3052385,155476
3052443,155480
3052702,155482
3052715,155486
3053890,155487
3054713,155488
3059118,165067
3070623,176365
3071095,176366
3071518,176367
3071537,187378
3072085,187406
3072643,187407
3073521,206288
3079631,206603
3079955,206622
3082076,206624
3082567,206625
3082828,206626
3083166,206627
3083375,206628
3083796,206629
3083928,211829
3084182,233252
3084389,233253
3084884,233271
3084933,233272
3084962,233273
3085188,241304
3088319,266824
3089151,270644
3091048,270645
3092014,283606
3092632,283607
3092835,289821
3093165,289822
3104597,305782
3105500,305788
3106517,305816
3106670,305817
3106841,305818
3118375,283713
3142293,298017
3145201,301728
3145586,302590
3147650,304879
3149463,306130
3154780,306341
3155209,307256
3156232,308343
3156513,308479
3173100,311953
3180074,312090
3181505,313313
3183623,315286
3183822,315421
3261509,343510
3262843,347104
3263185,347227
3264977,351529
3265508,351601
3266107,352070
3266374,352096
3268072,353465
3268304,353517
3271237,355910
3271260,355912
3271306,355915
3271344,355916
3271372,355917
3271396,355918
3271424,355919
3271492,355925
3277680,358107
3285629,364975
3290844,367414
3293137,368053
3295884,369074
3320178,371176
3326545,375878
3333075,376617
3346342,324827
3346466,324828
3346679,324830
3364122,353734
3380456,374860
3380617,374861
3381168,374871
3381241,374872
3381478,374874
3381897,374877
3382199,374889
3382381,374890
3387792,381365
3387811,381366
3392698,405632
3392783,405633
3395380,405639
3397173,416229
3397223,416233
3397274,416235
3397322,416237
3397500,416239
3397585,416241
3397680,416246
3397844,416248
3397925,416250
3397943,416252
3397974,416254
3398093,416256
3398120,416260
3398146,416262
3398163,416264
3398178,416266
3398214,416269
3398256,416273
3398291,416275
3398355,416277
3398401,416287
3398422,416289
3398449,416297
3398492,416299
3398592,417572
3398642,417573
3398837,417574
3398953,417575
3400464,429424
3401037,429425
3402141,429434
3403084,435638
3403335,435639
3403814,435640
3404630,435641
3405234,435642
3405942,435643
3407919,435644
3409232,435645
3409482,435646
3410787,435647
3411478,444098
3411594,444099
3411739,444100
3412008,444101
3412267,444102
3412418,444103
3412488,444104
3412584,444125
3412640,450107
3412820,450108
3412975,456489
3413083,456490
3413126,456491
3413151,456492
3419149,458370
3419354,458371
3419662,458380
3419722,458385
3420181,458386
3420435,458894
3420507,458898
3420573,458900
3421245,463529
3421922,463530
3422118,463531
3422334,474712
3422367,474713
3422374,474714
3422383,474717
3422391,475726
3422396,475736
3422399,475740
3422545,211887
3422825,211888
3423579,211924
3423661,270836
3423889,270858
3424096,274949
3424399,352698
3424417,420121
3427356,365966
3427626,391140
3433883,391141
3434197,309209
3434410,181232
3434466,101324
3434940,106958
3434968,106964
3435085,107308
3435244,107311
3435330,114793
3435400,130045
3435664,217296
3435856,249020
3436040,283866
3436194,283870
3436233,283871
3436310,283881
3436581,283882
3436953,283883
3437426,333567
3447216,131439
3447390,152535
3448047,232095
3448649,316528
3449050,380817
3449199,380819
3449281,380859
3449355,380860
3449494,422270
3449504,422274
3449528,434314
3449777,469012
3450330,472177
3450341,472178
3450351,472179
3450360,472180
3450367,472182
3450393,472183
3450409,472184
3450430,472185
3450446,472186
3450452,472187
3450465,472188
3450473,472189
3450486,472190
3450491,472191
3450501,472192
3450513,472193
3450521,472194
3450540,472195
3450544,472196
3450554,472198
3450559,472199
3450565,473119
3450641,95139
3451014,128091
3451073,129216
3451340,74709
3452875,153079
3453306,159546
3453320,165625
3453374,194922
3453644,195038
3453744,195042
3453943,195071
3454422,300932
3454526,300975
3454534,300976
3454568,300982
3454708,366639
3454943,366828
3454968,366830
3454980,366832
3454997,366834
3455038,366841
3455048,366842
3455333,389994
3455374,390020
3455433,390036
3455479,405234
3455482,405235
3458938,131515
3458980,131518
3459016,157226
3459037,104689
3459038,158537
3459079,194967
3459219,87560
3462048,89173
3462363,90939
3462967,97236
3464970,101236
3466004,111142
3466006,114454
3467097,130913
3472977,114338
3537701,115342
3538922,115345
3645203,129972
3647206,129975
3648283,129979
3679527,131922
3684872,170356
3684895,170378
3684984,170379
3685126,170381
3685246,170382
3685414,170383
3685839,170384
3686126,170394
3686164,170396
3686242,170398
3686441,170399
3686482,170400
3686571,170425
3686618,170426
3686717,170427
3686777,170444
3686804,170445
3687094,190759
3688005,233873
3688373,233874
3688566,233875
3688759,237422
3688900,244471
3689004,244473
3689170,244474
3689193,244476
3689204,244478
3689288,244507
3689784,263931
3689879,307568
3689892,307569
3689937,307571
3689941,307572
3690070,307574
3690087,312237
3690519,341280
3690670,341284
3690827,341296
3690891,341297
3690906,341298
3690970,341299
3690989,341300
3691064,341301
3691138,341304
3691187,341306
3691441,341307
3691483,341314
3691562,341316
3691916,341318
3694644,341361
3694661,341362
3694728,341363
3694801,341386
3694865,341387
3695547,341407
3695905,341409
3695945,341411
3696140,341412
3697405,341423
3697581,348897
3697593,348898
3699077,353606
3700173,374224
3700762,374225
3700986,388170
3701223,388176
3701244,388177
3701322,388178
3701339,388179
3701447,388186
3701527,388187
3701595,388188
3714362,419351
3714704,452550
3714765,452557
3714798,452558
3714810,452559
3715612,466334
3715653,466335
3715682,466348
3715722,466349
3715769,466356
3731853,112806
3742047,135870
3763643,363702
3784112,396479
3784193,396480
3795528,73367
3795698,73368
3795761,73369
3795989,73370
3796444,73374
3796620,73377
3798359,100731
3798686,149312
3798720,149319
3798728,282099
3798938,383190
3798992,72124
3799013,72128
3799133,72142
3799467,72146
3800138,72148
3800555,72149
3801825,72206
3802260,72257
3802921,241708
3802928,241709
3803435,241710
3804005,241711
3804377,241745
3804776,241746
3804786,241747
3805022,241748
3805236,241749
3805322,241750
3805416,241777
3805526,241780
3808155,241782
3809348,241783
3809812,241786
3810077,248905
3810294,397287
3813659,321128
3813827,363472
3855744,196255
3856755,371582
3856871,371583
3857095,371584
3863153,371588
3863338,371589
3865476,371592
3867365,371600
3867988,376196
3868807,386858
3869297,386860
3869364,386861
3869437,386862
3869489,386864
3869619,386865
3869646,386866
3869660,386867
3869688,444751
3869759,452333
3874113,93573
3875004,99415
3877645,108901
3879107,120026
3888407,108077
3921714,134908
3933034,135693
3982182,151076
4006870,380402
4031945,380826
4032654,381327
4038026,382769
4043916,383830
4047201,383893
4049989,383895
4056819,384745
4062572,386971
4063477,386973
4064622,386975
4069985,388089
4089637,392601
4094755,397720
4098964,398537
4101475,400608
4103494,403364
4107624,404587
4108296,404818
4112792,405802
4116489,415885
4119967,416201
4120153,416202
4120783,416203
4122977,417853
4128850,426262
4129546,427134
4132069,429825
4134206,429827
4138121,442196
4141927,442829
4146891,450222
4148726,454640
4149223,457817
4151436,461387
4152463,462166
4154467,467292
4154503,468963
4158291,472309
4159153,472349
4162792,474938
4163835,474946
4164437,475438
4168423,480562
4170152,153548
4171245,178087
4172074,178103
4173191,178104
4176739,158341
4177259,158342
4177717,158347
4178059,158348
4178270,166009
4178523,115717
4178551,115718
4178576,167642
4178598,167643
4178645,167646
4178651,167647
4178664,167659
4178676,167660
4178702,167665
4178711,167666
4178751,167667
4178791,167668
4178817,167669
4178829,167672
4180346,165736
4180450,165738
4180507,165759
4180511,165761
4180580,165776
4180596,165795
4180615,165797
4180700,165811
4180759,165820
4180781,165825
4181009,259372
4181014,259373
4181082,259396
4181096,259397
4181128,259399
4181167,272678
4181706,374132
4181765,172723
4181904,225371
4181974,225377
4182821,202116
4184040,155313
4186436,258388
4187134,339484
4187395,339485
4188296,397614
4188503,447951
4188791,280218
4188828,194873
4188872,170568
4188894,170569
4190491,373081
4190543,373091
4190617,382251
4190675,382252
4190713,382253
4190781,382302
4190969,385471
4190991,385474
4191031,385476
4191052,385477
4191065,385479
4191079,385480
4191089,385482
4191101,385483
4191116,385486
4191121,385494
4191129,385496
4191134,385498
4191138,385499
4191142,389782
4191161,477846
4191252,20522
4192826,60507
4194851,68882
4194913,70040
4195083,84583
4195210,88868
4196551,98415
4197121,98419
4200341,149441
4203608,311290
4203764,311291
4204151,311292
4204237,311293
4204788,357563
4206850,377920
4207860,93216
4207928,188226
4207971,253436
4208015,253437
4208134,253438
4208275,253439
4208408,253440
4208565,253466
4208722,253469
4208910,200209
4208924,200337
4208944,200338
4208966,200346
4208982,200352
4208994,200356
4209035,200399
4209087,200403
4209131,200627
4209254,200731
4209258,200847
4209282,200907
4209286,200908
4209295,200909
4209304,200928
4209400,323520
4209406,323535
4209427,323555
4209435,323556
4209483,323571
4209491,323572
4209506,323651
4209511,323652
4209543,323769
4209570,340981
4209591,340983
4209611,340987
4209651,341033
4209666,341036
4209681,341038
4209708,341043
4209747,341068
4209807,341077
4209822,341079
4209893,392733
4209903,392734
4209918,392735
4209947,392737
4209962,392751
4210549,210948
4217700,168987
4222280,376873
4223316,100213
4223632,213582
4223662,213583
4223680,213587
4223820,428055
4223832,428056
4223840,428057
4223847,112794
4224697,7749
4225255,10309
4225322,12114
4225700,18809
4225867,20240
4226174,22261
4230320,61135
4230522,61139
4231421,70537
4231856,73322
4232632,74817
4232754,77427
4234046,88832
4234914,92607
4236290,94116
4241600,101318
4246129,103478
4246257,108106
4246340,108181
4249628,111835
4252966,113464
4253248,114028
4253620,114061
4266807,128881
4267054,128882
4267704,132525
4268518,148567
4272083,151711
4272151,153433
4274999,175297
4275236,175298
4283278,239594
4283333,239620
4283403,239739
4283554,239755
4283678,239788
4288277,316135
4290792,347580
4290844,347581
4290928,347582
4290965,347585
4291198,353730
4291359,377589
4291620,384400
4291938,396978
4293579,418261
4293991,423800
4294042,423801
4294293,451212
4294334,451213
4294386,462258
4294581,466727
4294647,467199
4319409,113115
4329006,153435
4329304,155537
4332211,235611
4332251,235612
4332467,250230
4332477,250232
4332489,258496
4333244,316366
4334585,376737
4334588,376738
4334624,382976
4334644,382977
4334720,382978
4334838,388375
4334885,388379
4334961,396889
4334971,398525
4334994,404436
4335256,431976
4335310,458675
4335522,66081
4335673,78001
4337253,101538
4337390,101539
4337595,101541
4337686,157132
4337696,157118
4337715,157120
4337798,157125
4337833,157131
4337880,157133
4338123,157134
4338241,158225
4338363,340656
4338380,90540
4338392,96727
4355187,444049
4355391,78036
4355525,78037
4356624,78039
4356853,78040
4357521,97951
4358053,98401
4358193,98915
4358341,98917
4358371,99570
4358715,102167
4358965,109871
4359100,115754
4359770,149078
4359896,149079
4360616,213900
4361679,401253
4361752,401256
4361828,405567
4361891,405804
4364123,91358
4364290,91359
4364493,93885
4366147,104676
4366235,104679
4366333,104683
4367636,104691
4367705,130130
4368351,251572
4368429,351199
4377468,113037
4379092,364874
4379153,364881
4379593,364883
4379739,364884
4379864,364887
4382253,457168
4382369,457169
4382433,457170
4382545,457171
4382749,457184
4382915,457214
4383115,316821
4383138,316822
4383147,316823
4385073,86162
4396637,113389
4397362,114426
4397497,114427
4403254,131557
4410603,134672
4423668,240553
4424604,210952
4425379,210955
4425680,210956
4426035,210957
4426480,276715
4426733,276802
4426775,276806
4426935,298876
4426940,299600
4426952,225516
4427258,225683
4428087,315657
4428113,315658
4438342,90592
4451440,449311
4451541,449313
4451560,449314
4455596,308224
4455664,308572
4461563,130178
4462541,404099
4462602,321023
4462661,321029
4462761,325886
4462819,328083
4462851,328084
4462860,328085
4462868,328086
4462961,328097
4462971,328098
4463084,328099
4463297,328100
4463310,328101
4463370,328102
4463457,328104
4463523,328105
4463576,328107
4463635,356622
4463746,356623
4463839,356626
4464997,360014
4465956,405809
4466024,456728
4466084,456729
4466132,473725
4466137,473726
4466141,473727
4469339,312896
4469410,340797
4469555,375634
4469832,398422
4470275,398423
4470422,398425
4470460,398426
4470652,427128
4470747,353774
4470754,353775
4470765,353778
4473297,362581
4476161,87509
4501609,452334
4501626,452335
4501685,452336
4501712,461159
4501763,461160
4501982,461177
4502002,467535
4502264,467205
4502342,380593
4502372,357251
4502413,357257
4502460,357267
4503849,433142
4503932,372088
4505609,372099
4506596,372101
4519333,421687
4520181,381873
4520322,381874
4520506,381888
4520542,381891
4520581,381893
4520774,381895
4520898,381896
4521169,381898
4521976,157694
4525034,391043
4525832,397703
4525884,397704
4528270,421055
4528340,421056
4528537,421057
4528597,458870
4528901,467743
4528999,467789
4529178,389109
4529185,389115
4529316,389116
4529359,389119
4529522,389120
4529879,389125
4529981,389135
4530115,389136
4530174,389137
4533107,389201
4533146,389202
4533183,389210
4533333,389212
4533420,389214
4533602,389219
4533674,389220
4535896,389297
4535903,455572
4535939,455573
4541087,374711
4541091,374713
4541094,374775
4541099,374805
4548838,461668
4552123,397130
4552326,397131
4552435,397132
4552802,397134
4561206,397153
4562255,404520
4562258,404527
4562266,448265
4562315,448266
4562371,448267
4562397,448268
4562446,448272
4562525,415954
4562593,418527
4562638,462602
4562641,462604
4562646,462605
4562657,462606
4562663,462607
4562667,462608
4562670,462609
4562676,462610
4562677,462611
4562679,450898
4562738,450900
4562769,450904
4562792,450915
4562827,450916
4562842,450917
4562896,450919
4563613,78974
4563626,90757
4563627,97975
4568876,388376
4568958,393796
4569002,393797
4569039,393798
4569077,393844
4569096,393845
4569137,393859
4569181,393860
4569190,393861
4569235,393862
4569274,393863
4569308,393864
4569317,393865
4569430,393866
4569491,393888
4569507,393889
4569516,393890
4569522,393891
4569527,393892
4569548,393894
4569562,393895
4569625,393896
4569660,393918
4569694,393919
4569704,393920
4569740,393921
4569861,431975
4569965,462757
4570154,462763
4570362,462776
4570368,462786
4570369,462787
4570400,462789
4570458,462790
4570519,462794
4570589,462809
4570599,462811
4570611,462812
4570640,462813
4570691,462847
4570696,462848
4570702,462851
4570703,462862
4570707,462870
4570712,462871
4570718,462898
4570750,462899
4570754,462901
4570768,462906
4570781,462907
4570783,462908
4570881,462919
4570886,462925
4570928,462927
4570957,462954
4570958,462955
4570960,462957
4570962,462958
4570967,462971
4570972,462974
4570975,462980
4570983,462981
4570986,462990
4570998,462991
4571006,462998
4571007,463000
4571012,463001
4571016,463010
4571039,463012
4571050,463013
4571055,463018
4571141,463019
4571155,463071
4571158,463072
4571198,463080
4571228,463082
4571239,463083
4571269,463091
4571278,463092
4571290,463094
4571299,463095
4571326,463161
4571329,463162
4571331,463165
4571344,463168
4571347,463169
4571354,463170
4571358,463171
4571388,463172
4571390,463174
4571405,463177
4571436,463183
4571442,463185
4571467,463192
4571488,463198
4571489,463199
4571491,463200
4571494,463201
4571500,463202
4571503,463203
4571506,463204
4571512,463205
4571518,463206
4571521,463211
4571526,463212
4571532,463215
4571535,463216
4571538,463219
4571544,463220
4571550,463223
4571562,463224
4571572,463225
4571600,463230
4571622,463231
4571633,463232
4571640,463235
4571646,463238
4571652,463240
4571658,463250
4571663,463252
4571668,463253
4571683,463254
4571694,463255
4571709,463256
4571740,463257
4571745,463258
4571751,463259
4571872,463260
4571910,463261
4572018,463266
4572109,463267
4572156,463268
4572173,464356
4572190,464359
4572196,464362
4572209,464363
4572210,464365
4572215,464366
4572232,464367
4572243,464369
4572245,464370
4572250,464371
4572253,464718
4572280,464719
4572301,464720
4572318,464721
4572388,464778
4572406,464780
4572433,464781
4572442,464784
4572451,464785
4572462,464801
4572496,464806
4572511,464807
4572528,464809
4572553,464811
4572563,465465
4572574,468133
4574144,429410
4574216,429411
4574284,429412
4583135,472325
4585745,448520
4593072,471138
4593078,471139
4593081,471141
4593091,471142
4593097,471143
4593110,471144
4593115,471145
4593120,471146
4593124,471147
4593132,471148
4593137,471149
4593139,471150
4593157,471151
4593212,111916
4593234,155129
4593240,473401
4593378,431196
4609388,345998
4611868,353983
4612675,356956
4613602,369991
4618417,421805
4623237,82744
4623258,471355
4623261,471356
4623265,471357
4623274,471358
4634575,334816
4634651,128460
4634664,128461
4634672,128464
4634718,128466
4634863,210665
4634876,85258
4634881,94211
4653586,421321
4654060,43114
4654154,77545
4654155,115621
4654200,115643
4654202,115644
4654226,115651
4654373,115670
4654412,115674
4654484,179406
4654794,179408
4654871,179410
4654978,212228
4654996,212257
4655170,212266
4655205,353750
4655214,353752
